Year,Year05,Cluster,Mgmt,Property,Indicator,Attribute,Value
2004,-1,2,A,KF2A,Soil status,pH,6.233333333
2004,-1,2,A,KF2A,Soil status,OlsenP,48.33333333
2004,-1,2,A,KF2A,Soil status,AMN,58
2004,-1,2,A,KF2A,Soil status,Carbon,7.885
2004,-1,2,A,KF2A,Soil status,Nitrogen,0.676666667
2004,-1,2,A,KF2A,Soil status,BulkDensity,0.701666667
2004,-1,2,B,KF2B,Soil status,pH,6.45
2004,-1,2,B,KF2B,Soil status,OlsenP,42.83333333
2004,-1,2,B,KF2B,Soil status,AMN,47.66666667
2004,-1,2,B,KF2B,Soil status,Carbon,7.363333333
2004,-1,2,B,KF2B,Soil status,Nitrogen,0.63
2004,-1,2,B,KF2B,Soil status,BulkDensity,0.585
2004,-1,2,C,KF2C,Soil status,pH,6.466666667
2004,-1,2,C,KF2C,Soil status,OlsenP,62.16666667
2004,-1,2,C,KF2C,Soil status,AMN,39.66666667
2004,-1,2,C,KF2C,Soil status,Carbon,6.865
2004,-1,2,C,KF2C,Soil status,Nitrogen,0.59
2004,-1,2,C,KF2C,Soil status,BulkDensity,0.581666667
2004,-1,3,A,KF3A,Soil status,pH,6.733333333
2004,-1,3,A,KF3A,Soil status,OlsenP,36.66666667
2004,-1,3,A,KF3A,Soil status,AMN,48.16666667
2004,-1,3,A,KF3A,Soil status,Carbon,5.935
2004,-1,3,A,KF3A,Soil status,Nitrogen,0.485
2004,-1,3,A,KF3A,Soil status,BulkDensity,0.696666667
2004,-1,3,B,KF3B,Soil status,pH,6.8
2004,-1,3,B,KF3B,Soil status,OlsenP,26.16666667
2004,-1,3,B,KF3B,Soil status,AMN,71.83333333
2004,-1,3,B,KF3B,Soil status,Carbon,5.931666667
2004,-1,3,B,KF3B,Soil status,Nitrogen,0.508333333
2004,-1,3,B,KF3B,Soil status,BulkDensity,0.618333333
2004,-1,3,C,KF3C,Soil status,pH,6.383333333
2004,-1,3,C,KF3C,Soil status,OlsenP,30.5
2004,-1,3,C,KF3C,Soil status,AMN,54
2004,-1,3,C,KF3C,Soil status,Carbon,6.285
2004,-1,3,C,KF3C,Soil status,Nitrogen,0.555
2004,-1,3,C,KF3C,Soil status,BulkDensity,0.663333333
2004,-1,4,A,KF4A,Soil status,pH,6.566666667
2004,-1,4,A,KF4A,Soil status,OlsenP,51
2004,-1,4,A,KF4A,Soil status,AMN,61.33333333
2004,-1,4,A,KF4A,Soil status,Carbon,5.87
2004,-1,4,A,KF4A,Soil status,Nitrogen,0.506666667
2004,-1,4,A,KF4A,Soil status,BulkDensity,0.776666667
2004,-1,4,B,KF4B,Soil status,pH,6.783333333
2004,-1,4,B,KF4B,Soil status,OlsenP,33
2004,-1,4,B,KF4B,Soil status,AMN,66.33333333
2004,-1,4,B,KF4B,Soil status,Carbon,6.218333333
2004,-1,4,B,KF4B,Soil status,Nitrogen,0.5
2004,-1,4,B,KF4B,Soil status,BulkDensity,0.708333333
2004,-1,4,C,KF4C,Soil status,pH,6.216666667
2004,-1,4,C,KF4C,Soil status,OlsenP,43.16666667
2004,-1,4,C,KF4C,Soil status,AMN,63.66666667
2004,-1,4,C,KF4C,Soil status,Carbon,6.96
2004,-1,4,C,KF4C,Soil status,Nitrogen,0.58
2004,-1,4,C,KF4C,Soil status,BulkDensity,0.695
2004,-1,5,A,KF5A,Soil status,pH,6.283333333
2004,-1,5,A,KF5A,Soil status,OlsenP,34.83333333
2004,-1,5,A,KF5A,Soil status,AMN,51.16666667
2004,-1,5,A,KF5A,Soil status,Carbon,5.86
2004,-1,5,A,KF5A,Soil status,Nitrogen,0.453333333
2004,-1,5,A,KF5A,Soil status,BulkDensity,0.753333333
2004,-1,5,B,KF5B,Soil status,pH,6.633333333
2004,-1,5,B,KF5B,Soil status,OlsenP,61.66666667
2004,-1,5,B,KF5B,Soil status,AMN,46.66666667
2004,-1,5,B,KF5B,Soil status,Carbon,5.638333333
2004,-1,5,B,KF5B,Soil status,Nitrogen,0.441666667
2004,-1,5,B,KF5B,Soil status,BulkDensity,0.676666667
2004,-1,5,C,KF5C,Soil status,pH,6.516666667
2004,-1,5,C,KF5C,Soil status,OlsenP,121
2004,-1,5,C,KF5C,Soil status,AMN,50
2004,-1,5,C,KF5C,Soil status,Carbon,5.556666667
2004,-1,5,C,KF5C,Soil status,Nitrogen,0.446666667
2004,-1,5,C,KF5C,Soil status,BulkDensity,0.718333333
2004,-1,6,A,KF6A,Soil status,pH,6.633333333
2004,-1,6,A,KF6A,Soil status,OlsenP,63
2004,-1,6,A,KF6A,Soil status,AMN,44.16666667
2004,-1,6,A,KF6A,Soil status,Carbon,6.21
2004,-1,6,A,KF6A,Soil status,Nitrogen,0.47
2004,-1,6,A,KF6A,Soil status,BulkDensity,0.74
2004,-1,6,B,KF6B,Soil status,pH,6.683333333
2004,-1,6,B,KF6B,Soil status,OlsenP,23.66666667
2004,-1,6,B,KF6B,Soil status,AMN,39.83333333
2004,-1,6,B,KF6B,Soil status,Carbon,5.355
2004,-1,6,B,KF6B,Soil status,Nitrogen,0.395
2004,-1,6,B,KF6B,Soil status,BulkDensity,0.686666667
2004,-1,6,C,KF6C,Soil status,pH,6.6
2004,-1,6,C,KF6C,Soil status,OlsenP,65.33333333
2004,-1,6,C,KF6C,Soil status,AMN,58
2004,-1,6,C,KF6C,Soil status,Carbon,7.548333333
2004,-1,6,C,KF6C,Soil status,Nitrogen,0.6
2004,-1,6,C,KF6C,Soil status,BulkDensity,0.745
2004,-1,7,A,KF7A,Soil status,pH,6.583333333
2004,-1,7,A,KF7A,Soil status,OlsenP,69.33333333
2004,-1,7,A,KF7A,Soil status,AMN,56.66666667
2004,-1,7,A,KF7A,Soil status,Carbon,4.391666667
2004,-1,7,A,KF7A,Soil status,Nitrogen,0.363333333
2004,-1,7,A,KF7A,Soil status,BulkDensity,0.883333333
2004,-1,7,B,KF7B,Soil status,pH,6.516666667
2004,-1,7,B,KF7B,Soil status,OlsenP,51
2004,-1,7,B,KF7B,Soil status,AMN,58.33333333
2004,-1,7,B,KF7B,Soil status,Carbon,5.701666667
2004,-1,7,B,KF7B,Soil status,Nitrogen,0.483333333
2004,-1,7,B,KF7B,Soil status,BulkDensity,0.725
2004,-1,7,C,KF7C,Soil status,pH,6.483333333
2004,-1,7,C,KF7C,Soil status,OlsenP,48
2004,-1,7,C,KF7C,Soil status,AMN,64.83333333
2004,-1,7,C,KF7C,Soil status,Carbon,5.235
2004,-1,7,C,KF7C,Soil status,Nitrogen,0.453333333
2004,-1,7,C,KF7C,Soil status,BulkDensity,0.855
2004,-1,8,A,KF8A,Soil status,pH,6.583333333
2004,-1,8,A,KF8A,Soil status,OlsenP,51.83333333
2004,-1,8,A,KF8A,Soil status,AMN,54
2004,-1,8,A,KF8A,Soil status,Carbon,4.743333333
2004,-1,8,A,KF8A,Soil status,Nitrogen,0.365
2004,-1,8,A,KF8A,Soil status,BulkDensity,0.848333333
2004,-1,8,B,KF8B,Soil status,pH,6.7
2004,-1,8,B,KF8B,Soil status,OlsenP,56.5
2004,-1,8,B,KF8B,Soil status,AMN,69.5
2004,-1,8,B,KF8B,Soil status,Carbon,5.44
2004,-1,8,B,KF8B,Soil status,Nitrogen,0.423333333
2004,-1,8,B,KF8B,Soil status,BulkDensity,0.778333333
2004,-1,8,C,KF8C,Soil status,pH,6.416666667
2004,-1,8,C,KF8C,Soil status,OlsenP,69
2004,-1,8,C,KF8C,Soil status,AMN,60.66666667
2004,-1,8,C,KF8C,Soil status,Carbon,5.356666667
2004,-1,8,C,KF8C,Soil status,Nitrogen,0.418333333
2004,-1,8,C,KF8C,Soil status,BulkDensity,0.773333333
2004,-1,9,A,KF9A,Soil status,pH,6.6
2004,-1,9,A,KF9A,Soil status,OlsenP,67.66666667
2004,-1,9,A,KF9A,Soil status,AMN,65
2004,-1,9,A,KF9A,Soil status,Carbon,4.193333333
2004,-1,9,A,KF9A,Soil status,Nitrogen,0.336666667
2004,-1,9,A,KF9A,Soil status,BulkDensity,0.856666667
2004,-1,9,B,KF9B,Soil status,pH,6.8
2004,-1,9,B,KF9B,Soil status,OlsenP,38.33333333
2004,-1,9,B,KF9B,Soil status,AMN,86
2004,-1,9,B,KF9B,Soil status,Carbon,5.36
2004,-1,9,B,KF9B,Soil status,Nitrogen,0.445
2004,-1,9,B,KF9B,Soil status,BulkDensity,0.783333333
2004,-1,9,C,KF9C,Soil status,pH,6.566666667
2004,-1,9,C,KF9C,Soil status,OlsenP,43.66666667
2004,-1,9,C,KF9C,Soil status,AMN,42
2004,-1,9,C,KF9C,Soil status,Carbon,3.94
2004,-1,9,C,KF9C,Soil status,Nitrogen,0.335
2004,-1,9,C,KF9C,Soil status,BulkDensity,0.786666667
2004,-1,10,A,KF10A,Soil status,pH,6.65
2004,-1,10,A,KF10A,Soil status,OlsenP,25.66666667
2004,-1,10,A,KF10A,Soil status,AMN,68
2004,-1,10,A,KF10A,Soil status,Carbon,3.978333333
2004,-1,10,A,KF10A,Soil status,Nitrogen,0.385
2004,-1,10,A,KF10A,Soil status,BulkDensity,0.858333333
2004,-1,10,B,KF10B,Soil status,pH,6.6
2004,-1,10,B,KF10B,Soil status,OlsenP,31.16666667
2004,-1,10,B,KF10B,Soil status,AMN,79.16666667
2004,-1,10,B,KF10B,Soil status,Carbon,4.899833333
2004,-1,10,B,KF10B,Soil status,Nitrogen,0.4237
2004,-1,10,B,KF10B,Soil status,BulkDensity,0.773333333
2004,-1,10,C,KF10C,Soil status,pH,5.866666667
2004,-1,10,C,KF10C,Soil status,OlsenP,52.5
2004,-1,10,C,KF10C,Soil status,AMN,56.66666667
2004,-1,10,C,KF10C,Soil status,Carbon,4.648333333
2004,-1,10,C,KF10C,Soil status,Nitrogen,0.411666667
2004,-1,10,C,KF10C,Soil status,BulkDensity,0.811666667
2004,-1,11,A,KF11A,Soil status,pH,6.716666667
2004,-1,11,A,KF11A,Soil status,OlsenP,64
2004,-1,11,A,KF11A,Soil status,AMN,55.83333333
2004,-1,11,A,KF11A,Soil status,Carbon,3.508333333
2004,-1,11,A,KF11A,Soil status,Nitrogen,0.298333333
2004,-1,11,A,KF11A,Soil status,BulkDensity,0.911666667
2004,-1,11,B,KF11B,Soil status,pH,6.833333333
2004,-1,11,B,KF11B,Soil status,OlsenP,55.5
2004,-1,11,B,KF11B,Soil status,AMN,71
2004,-1,11,B,KF11B,Soil status,Carbon,3.725
2004,-1,11,B,KF11B,Soil status,Nitrogen,0.3
2004,-1,11,B,KF11B,Soil status,BulkDensity,0.821666667
2004,-1,11,C,KF11C,Soil status,pH,6.433333333
2004,-1,11,C,KF11C,Soil status,OlsenP,49
2004,-1,11,C,KF11C,Soil status,AMN,64
2004,-1,11,C,KF11C,Soil status,Carbon,3.585
2004,-1,11,C,KF11C,Soil status,Nitrogen,0.3
2004,-1,11,C,KF11C,Soil status,BulkDensity,0.89
2006,1,2,A,KF2A,Soil status,pH,6.466666667
2006,1,2,A,KF2A,Soil status,OlsenP,53.5
2006,1,2,A,KF2A,Soil status,AMN,49.5
2006,1,2,A,KF2A,Soil status,Carbon,7.03
2006,1,2,A,KF2A,Soil status,Nitrogen,0.648333333
2006,1,2,A,KF2A,Soil status,BulkDensity,0.676666667
2006,1,2,B,KF2B,Soil status,pH,6.5
2006,1,2,B,KF2B,Soil status,OlsenP,43.16666667
2006,1,2,B,KF2B,Soil status,AMN,51
2006,1,2,B,KF2B,Soil status,Carbon,6.695
2006,1,2,B,KF2B,Soil status,Nitrogen,0.628333333
2006,1,2,B,KF2B,Soil status,BulkDensity,0.663333333
2006,1,2,C,KF2C,Soil status,pH,6.566666667
2006,1,2,C,KF2C,Soil status,OlsenP,69.83333333
2006,1,2,C,KF2C,Soil status,AMN,62.5
2006,1,2,C,KF2C,Soil status,Carbon,7.043333333
2006,1,2,C,KF2C,Soil status,Nitrogen,0.653333333
2006,1,2,C,KF2C,Soil status,BulkDensity,0.613333333
2006,1,3,A,KF3A,Soil status,pH,6.766666667
2006,1,3,A,KF3A,Soil status,OlsenP,47.66666667
2006,1,3,A,KF3A,Soil status,AMN,49
2006,1,3,A,KF3A,Soil status,Carbon,5.775
2006,1,3,A,KF3A,Soil status,Nitrogen,0.511666667
2006,1,3,A,KF3A,Soil status,BulkDensity,0.676666667
2006,1,3,B,KF3B,Soil status,pH,6.783333333
2006,1,3,B,KF3B,Soil status,OlsenP,61.16666667
2006,1,3,B,KF3B,Soil status,AMN,69.16666667
2006,1,3,B,KF3B,Soil status,Carbon,6.978333333
2006,1,3,B,KF3B,Soil status,Nitrogen,0.643333333
2006,1,3,B,KF3B,Soil status,BulkDensity,0.633333333
2006,1,3,C,KF3C,Soil status,pH,6.25
2006,1,3,C,KF3C,Soil status,OlsenP,36.33333333
2006,1,3,C,KF3C,Soil status,AMN,78.83333333
2006,1,3,C,KF3C,Soil status,Carbon,6.458333333
2006,1,3,C,KF3C,Soil status,Nitrogen,0.598333333
2006,1,3,C,KF3C,Soil status,BulkDensity,0.678333333
2006,1,4,A,KF4A,Soil status,pH,6.883333333
2006,1,4,A,KF4A,Soil status,OlsenP,48
2006,1,4,A,KF4A,Soil status,AMN,48.16666667
2006,1,4,A,KF4A,Soil status,Carbon,5.548333333
2006,1,4,A,KF4A,Soil status,Nitrogen,0.491666667
2006,1,4,A,KF4A,Soil status,BulkDensity,0.748333333
2006,1,4,B,KF4B,Soil status,pH,6.85
2006,1,4,B,KF4B,Soil status,OlsenP,42.33333333
2006,1,4,B,KF4B,Soil status,AMN,53
2006,1,4,B,KF4B,Soil status,Carbon,6.386666667
2006,1,4,B,KF4B,Soil status,Nitrogen,0.566666667
2006,1,4,B,KF4B,Soil status,BulkDensity,0.696666667
2006,1,4,C,KF4C,Soil status,pH,6.45
2006,1,4,C,KF4C,Soil status,OlsenP,49
2006,1,4,C,KF4C,Soil status,AMN,59.66666667
2006,1,4,C,KF4C,Soil status,Carbon,6.81
2006,1,4,C,KF4C,Soil status,Nitrogen,0.618333333
2006,1,4,C,KF4C,Soil status,BulkDensity,0.718333333
2006,1,5,A,KF5A,Soil status,pH,6.616666667
2006,1,5,A,KF5A,Soil status,OlsenP,76.16666667
2006,1,5,A,KF5A,Soil status,AMN,39
2006,1,5,A,KF5A,Soil status,Carbon,5.89
2006,1,5,A,KF5A,Soil status,Nitrogen,0.501666667
2006,1,5,A,KF5A,Soil status,BulkDensity,0.708333333
2006,1,5,B,KF5B,Soil status,pH,6.933333333
2006,1,5,B,KF5B,Soil status,OlsenP,31.5
2006,1,5,B,KF5B,Soil status,AMN,50.33333333
2006,1,5,B,KF5B,Soil status,Carbon,6.421666667
2006,1,5,B,KF5B,Soil status,Nitrogen,0.528333333
2006,1,5,B,KF5B,Soil status,BulkDensity,0.671666667
2006,1,5,C,KF5C,Soil status,pH,6.85
2006,1,5,C,KF5C,Soil status,OlsenP,83
2006,1,5,C,KF5C,Soil status,AMN,54.33333333
2006,1,5,C,KF5C,Soil status,Carbon,7.106666667
2006,1,5,C,KF5C,Soil status,Nitrogen,0.613333333
2006,1,5,C,KF5C,Soil status,BulkDensity,0.716666667
2006,1,6,A,KF6A,Soil status,pH,6.466666667
2006,1,6,A,KF6A,Soil status,OlsenP,43.33333333
2006,1,6,A,KF6A,Soil status,AMN,42.33333333
2006,1,6,A,KF6A,Soil status,Carbon,5.871666667
2006,1,6,A,KF6A,Soil status,Nitrogen,0.505
2006,1,6,A,KF6A,Soil status,BulkDensity,0.715
2006,1,6,B,KF6B,Soil status,pH,6.816666667
2006,1,6,B,KF6B,Soil status,OlsenP,77.5
2006,1,6,B,KF6B,Soil status,AMN,51.33333333
2006,1,6,B,KF6B,Soil status,Carbon,5.618333333
2006,1,6,B,KF6B,Soil status,Nitrogen,0.498333333
2006,1,6,B,KF6B,Soil status,BulkDensity,0.695
2006,1,6,C,KF6C,Soil status,pH,6.566666667
2006,1,6,C,KF6C,Soil status,OlsenP,142.6
2006,1,6,C,KF6C,Soil status,AMN,51
2006,1,6,C,KF6C,Soil status,Carbon,5.713333333
2006,1,6,C,KF6C,Soil status,Nitrogen,0.518333333
2006,1,6,C,KF6C,Soil status,BulkDensity,0.763333333
2006,1,7,A,KF7A,Soil status,pH,6.316666667
2006,1,7,A,KF7A,Soil status,OlsenP,78.16666667
2006,1,7,A,KF7A,Soil status,AMN,56.33333333
2006,1,7,A,KF7A,Soil status,Carbon,4.185
2006,1,7,A,KF7A,Soil status,Nitrogen,0.36
2006,1,7,A,KF7A,Soil status,BulkDensity,0.931666667
2006,1,7,B,KF7B,Soil status,pH,6.416666667
2006,1,7,B,KF7B,Soil status,OlsenP,46.66666667
2006,1,7,B,KF7B,Soil status,AMN,68.33333333
2006,1,7,B,KF7B,Soil status,Carbon,5.623333333
2006,1,7,B,KF7B,Soil status,Nitrogen,0.478333333
2006,1,7,B,KF7B,Soil status,BulkDensity,0.76
2006,1,7,C,KF7C,Soil status,pH,6.3
2006,1,7,C,KF7C,Soil status,OlsenP,61.16666667
2006,1,7,C,KF7C,Soil status,AMN,58.83333333
2006,1,7,C,KF7C,Soil status,Carbon,5.251666667
2006,1,7,C,KF7C,Soil status,Nitrogen,0.466666667
2006,1,7,C,KF7C,Soil status,BulkDensity,0.815
2006,1,8,A,KF8A,Soil status,pH,6.183333333
2006,1,8,A,KF8A,Soil status,OlsenP,63.16666667
2006,1,8,A,KF8A,Soil status,AMN,48.33333333
2006,1,8,A,KF8A,Soil status,Carbon,4.793333333
2006,1,8,A,KF8A,Soil status,Nitrogen,0.378333333
2006,1,8,A,KF8A,Soil status,BulkDensity,0.82
2006,1,8,B,KF8B,Soil status,pH,6.7
2006,1,8,B,KF8B,Soil status,OlsenP,65
2006,1,8,B,KF8B,Soil status,AMN,63.66666667
2006,1,8,B,KF8B,Soil status,Carbon,5.426666667
2006,1,8,B,KF8B,Soil status,Nitrogen,0.445
2006,1,8,B,KF8B,Soil status,BulkDensity,0.788333333
2006,1,8,C,KF8C,Soil status,pH,6.333333333
2006,1,8,C,KF8C,Soil status,OlsenP,80.5
2006,1,8,C,KF8C,Soil status,AMN,68.83333333
2006,1,8,C,KF8C,Soil status,Carbon,5.235
2006,1,8,C,KF8C,Soil status,Nitrogen,0.446666667
2006,1,8,C,KF8C,Soil status,BulkDensity,0.771666667
2006,1,9,A,KF9A,Soil status,pH,6.883333333
2006,1,9,A,KF9A,Soil status,OlsenP,74.16666667
2006,1,9,A,KF9A,Soil status,AMN,54.33333333
2006,1,9,A,KF9A,Soil status,Carbon,4.228333333
2006,1,9,A,KF9A,Soil status,Nitrogen,0.363333333
2006,1,9,A,KF9A,Soil status,BulkDensity,0.843333333
2006,1,9,B,KF9B,Soil status,pH,6.616666667
2006,1,9,B,KF9B,Soil status,OlsenP,44.16666667
2006,1,9,B,KF9B,Soil status,AMN,85.16666667
2006,1,9,B,KF9B,Soil status,Carbon,5.5
2006,1,9,B,KF9B,Soil status,Nitrogen,0.466666667
2006,1,9,B,KF9B,Soil status,BulkDensity,0.761666667
2006,1,9,C,KF9C,Soil status,pH,6.35
2006,1,9,C,KF9C,Soil status,OlsenP,59.66666667
2006,1,9,C,KF9C,Soil status,AMN,59.16666667
2006,1,9,C,KF9C,Soil status,Carbon,4.261666667
2006,1,9,C,KF9C,Soil status,Nitrogen,0.351666667
2006,1,9,C,KF9C,Soil status,BulkDensity,0.753333333
2006,1,10,A,KF10A,Soil status,pH,6.533333333
2006,1,10,A,KF10A,Soil status,OlsenP,31.33333333
2006,1,10,A,KF10A,Soil status,AMN,74
2006,1,10,A,KF10A,Soil status,Carbon,4.148333333
2006,1,10,A,KF10A,Soil status,Nitrogen,0.368333333
2006,1,10,A,KF10A,Soil status,BulkDensity,0.868333333
2006,1,10,B,KF10B,Soil status,pH,6.633333333
2006,1,10,B,KF10B,Soil status,OlsenP,37
2006,1,10,B,KF10B,Soil status,AMN,128.6666667
2006,1,10,B,KF10B,Soil status,Carbon,5.341666667
2006,1,10,B,KF10B,Soil status,Nitrogen,0.476666667
2006,1,10,B,KF10B,Soil status,BulkDensity,0.761666667
2006,1,10,C,KF10C,Soil status,pH,5.966666667
2006,1,10,C,KF10C,Soil status,OlsenP,63.83333333
2006,1,10,C,KF10C,Soil status,AMN,74.33333333
2006,1,10,C,KF10C,Soil status,Carbon,4.611666667
2006,1,10,C,KF10C,Soil status,Nitrogen,0.421666667
2006,1,10,C,KF10C,Soil status,BulkDensity,0.826666667
2006,1,11,A,KF11A,Soil status,pH,6.566666667
2006,1,11,A,KF11A,Soil status,OlsenP,72.5
2006,1,11,A,KF11A,Soil status,AMN,42.66666667
2006,1,11,A,KF11A,Soil status,Carbon,2.961666667
2006,1,11,A,KF11A,Soil status,Nitrogen,0.245
2006,1,11,A,KF11A,Soil status,BulkDensity,0.846666667
2006,1,11,B,KF11B,Soil status,pH,6.85
2006,1,11,B,KF11B,Soil status,OlsenP,61.16666667
2006,1,11,B,KF11B,Soil status,AMN,63.83333333
2006,1,11,B,KF11B,Soil status,Carbon,4.028333333
2006,1,11,B,KF11B,Soil status,Nitrogen,0.323333333
2006,1,11,B,KF11B,Soil status,BulkDensity,0.791666667
2006,1,11,C,KF11C,Soil status,pH,6.15
2006,1,11,C,KF11C,Soil status,OlsenP,59.66666667
2006,1,11,C,KF11C,Soil status,AMN,57.5
2006,1,11,C,KF11C,Soil status,Carbon,3.503333333
2006,1,11,C,KF11C,Soil status,Nitrogen,0.298333333
2006,1,11,C,KF11C,Soil status,BulkDensity,0.908333333
2009,4,2,A,KF2A,Soil status,pH,6.566666667
2009,4,2,A,KF2A,Soil status,OlsenP,50.5
2009,4,2,A,KF2A,Soil status,AMN,55.66666667
2009,4,2,A,KF2A,Soil status,Carbon,8.055
2009,4,2,A,KF2A,Soil status,Nitrogen,0.716666667
2009,4,2,A,KF2A,Soil status,BulkDensity,0.665
2009,4,2,B,KF2B,Soil status,pH,6.866666667
2009,4,2,B,KF2B,Soil status,OlsenP,52.16666667
2009,4,2,B,KF2B,Soil status,AMN,70.5
2009,4,2,B,KF2B,Soil status,Carbon,7.87
2009,4,2,B,KF2B,Soil status,Nitrogen,0.696666667
2009,4,2,B,KF2B,Soil status,BulkDensity,0.673333333
2009,4,2,C,KF2C,Soil status,pH,6.566666667
2009,4,2,C,KF2C,Soil status,OlsenP,82.5
2009,4,2,C,KF2C,Soil status,AMN,62.66666667
2009,4,2,C,KF2C,Soil status,Carbon,7.865
2009,4,2,C,KF2C,Soil status,Nitrogen,0.701666667
2009,4,2,C,KF2C,Soil status,BulkDensity,0.648333333
2009,4,3,A,KF3A,Soil status,pH,6.95
2009,4,3,A,KF3A,Soil status,OlsenP,58.33333333
2009,4,3,A,KF3A,Soil status,AMN,46.83333333
2009,4,3,A,KF3A,Soil status,Carbon,6.38
2009,4,3,A,KF3A,Soil status,Nitrogen,0.553333333
2009,4,3,A,KF3A,Soil status,BulkDensity,0.658333333
2009,4,3,B,KF3B,Soil status,pH,7.033333333
2009,4,3,B,KF3B,Soil status,OlsenP,77.33333333
2009,4,3,B,KF3B,Soil status,AMN,72
2009,4,3,B,KF3B,Soil status,Carbon,8.215
2009,4,3,B,KF3B,Soil status,Nitrogen,0.741666667
2009,4,3,B,KF3B,Soil status,BulkDensity,0.641666667
2009,4,3,C,KF3C,Soil status,pH,6.666666667
2009,4,3,C,KF3C,Soil status,OlsenP,63.66666667
2009,4,3,C,KF3C,Soil status,AMN,73.66666667
2009,4,3,C,KF3C,Soil status,Carbon,7.398333333
2009,4,3,C,KF3C,Soil status,Nitrogen,0.666666667
2009,4,3,C,KF3C,Soil status,BulkDensity,0.64
2009,4,4,A,KF4A,Soil status,pH,6.95
2009,4,4,A,KF4A,Soil status,OlsenP,48.16666667
2009,4,4,A,KF4A,Soil status,AMN,65.16666667
2009,4,4,A,KF4A,Soil status,Carbon,6.491666667
2009,4,4,A,KF4A,Soil status,Nitrogen,0.585
2009,4,4,A,KF4A,Soil status,BulkDensity,0.71
2009,4,4,B,KF4B,Soil status,pH,7.066666667
2009,4,4,B,KF4B,Soil status,OlsenP,59
2009,4,4,B,KF4B,Soil status,AMN,77.66666667
2009,4,4,B,KF4B,Soil status,Carbon,7.476666667
2009,4,4,B,KF4B,Soil status,Nitrogen,0.66
2009,4,4,B,KF4B,Soil status,BulkDensity,0.648333333
2009,4,4,C,KF4C,Soil status,pH,6.55
2009,4,4,C,KF4C,Soil status,OlsenP,54
2009,4,4,C,KF4C,Soil status,AMN,63.83333333
2009,4,4,C,KF4C,Soil status,Carbon,7.421666667
2009,4,4,C,KF4C,Soil status,Nitrogen,0.643333333
2009,4,4,C,KF4C,Soil status,BulkDensity,0.648333333
2009,4,5,A,KF5A,Soil status,pH,6.616666667
2009,4,5,A,KF5A,Soil status,OlsenP,86.33333333
2009,4,5,A,KF5A,Soil status,AMN,37
2009,4,5,A,KF5A,Soil status,Carbon,6.308333333
2009,4,5,A,KF5A,Soil status,Nitrogen,0.52
2009,4,5,A,KF5A,Soil status,BulkDensity,0.685
2009,4,5,B,KF5B,Soil status,pH,6.766666667
2009,4,5,B,KF5B,Soil status,OlsenP,42.5
2009,4,5,B,KF5B,Soil status,AMN,57.83333333
2009,4,5,B,KF5B,Soil status,Carbon,7.101666667
2009,4,5,B,KF5B,Soil status,Nitrogen,0.578333333
2009,4,5,B,KF5B,Soil status,BulkDensity,0.61
2009,4,5,C,KF5C,Soil status,pH,6.633333333
2009,4,5,C,KF5C,Soil status,OlsenP,83
2009,4,5,C,KF5C,Soil status,AMN,41.5
2009,4,5,C,KF5C,Soil status,Carbon,7.485
2009,4,5,C,KF5C,Soil status,Nitrogen,0.605
2009,4,5,C,KF5C,Soil status,BulkDensity,0.66
2009,4,6,A,KF6A,Soil status,pH,6.233333333
2009,4,6,A,KF6A,Soil status,OlsenP,54
2009,4,6,A,KF6A,Soil status,AMN,45.5
2009,4,6,A,KF6A,Soil status,Carbon,6.351666667
2009,4,6,A,KF6A,Soil status,Nitrogen,0.548333333
2009,4,6,A,KF6A,Soil status,BulkDensity,0.66
2009,4,6,B,KF6B,Soil status,pH,6.5
2009,4,6,B,KF6B,Soil status,OlsenP,66.33333333
2009,4,6,B,KF6B,Soil status,AMN,53
2009,4,6,B,KF6B,Soil status,Carbon,6.401666667
2009,4,6,B,KF6B,Soil status,Nitrogen,0.573333333
2009,4,6,B,KF6B,Soil status,BulkDensity,0.665
2009,4,6,C,KF6C,Soil status,pH,6.383333333
2009,4,6,C,KF6C,Soil status,OlsenP,136.8333333
2009,4,6,C,KF6C,Soil status,AMN,46.66666667
2009,4,6,C,KF6C,Soil status,Carbon,6.01
2009,4,6,C,KF6C,Soil status,Nitrogen,0.54
2009,4,6,C,KF6C,Soil status,BulkDensity,0.681666667
2009,4,7,A,KF7A,Soil status,pH,6.783333333
2009,4,7,A,KF7A,Soil status,OlsenP,69.83333333
2009,4,7,A,KF7A,Soil status,AMN,57
2009,4,7,A,KF7A,Soil status,Carbon,4.818333333
2009,4,7,A,KF7A,Soil status,Nitrogen,0.413333333
2009,4,7,A,KF7A,Soil status,BulkDensity,0.796666667
2009,4,7,B,KF7B,Soil status,pH,6.6
2009,4,7,B,KF7B,Soil status,OlsenP,49
2009,4,7,B,KF7B,Soil status,AMN,72
2009,4,7,B,KF7B,Soil status,Carbon,6.433333333
2009,4,7,B,KF7B,Soil status,Nitrogen,0.548333333
2009,4,7,B,KF7B,Soil status,BulkDensity,0.655
2009,4,7,C,KF7C,Soil status,pH,6.533333333
2009,4,7,C,KF7C,Soil status,OlsenP,64.16666667
2009,4,7,C,KF7C,Soil status,AMN,64.83333333
2009,4,7,C,KF7C,Soil status,Carbon,5.926666667
2009,4,7,C,KF7C,Soil status,Nitrogen,0.5
2009,4,7,C,KF7C,Soil status,BulkDensity,0.76
2009,4,8,A,KF8A,Soil status,pH,6.266666667
2009,4,8,A,KF8A,Soil status,OlsenP,71.5
2009,4,8,A,KF8A,Soil status,AMN,58
2009,4,8,A,KF8A,Soil status,Carbon,5.063333333
2009,4,8,A,KF8A,Soil status,Nitrogen,0.421666667
2009,4,8,A,KF8A,Soil status,BulkDensity,0.818333333
2009,4,8,B,KF8B,Soil status,pH,6.7
2009,4,8,B,KF8B,Soil status,OlsenP,69.5
2009,4,8,B,KF8B,Soil status,AMN,64.83333333
2009,4,8,B,KF8B,Soil status,Carbon,5.791666667
2009,4,8,B,KF8B,Soil status,Nitrogen,0.473333333
2009,4,8,B,KF8B,Soil status,BulkDensity,0.736666667
2009,4,8,C,KF8C,Soil status,pH,6.65
2009,4,8,C,KF8C,Soil status,OlsenP,91.33333333
2009,4,8,C,KF8C,Soil status,AMN,72.5
2009,4,8,C,KF8C,Soil status,Carbon,5.778333333
2009,4,8,C,KF8C,Soil status,Nitrogen,0.476666667
2009,4,8,C,KF8C,Soil status,BulkDensity,0.766666667
2009,4,9,A,KF9A,Soil status,pH,6.8
2009,4,9,A,KF9A,Soil status,OlsenP,79
2009,4,9,A,KF9A,Soil status,AMN,51.66666667
2009,4,9,A,KF9A,Soil status,Carbon,4.371666667
2009,4,9,A,KF9A,Soil status,Nitrogen,0.378333333
2009,4,9,A,KF9A,Soil status,BulkDensity,0.815
2009,4,9,B,KF9B,Soil status,pH,6.683333333
2009,4,9,B,KF9B,Soil status,OlsenP,54.5
2009,4,9,B,KF9B,Soil status,AMN,85.83333333
2009,4,9,B,KF9B,Soil status,Carbon,5.981666667
2009,4,9,B,KF9B,Soil status,Nitrogen,0.52
2009,4,9,B,KF9B,Soil status,BulkDensity,0.715
2009,4,9,C,KF9C,Soil status,pH,6.683333333
2009,4,9,C,KF9C,Soil status,OlsenP,58.83333333
2009,4,9,C,KF9C,Soil status,AMN,61.33333333
2009,4,9,C,KF9C,Soil status,Carbon,4.926666667
2009,4,9,C,KF9C,Soil status,Nitrogen,0.393333333
2009,4,9,C,KF9C,Soil status,BulkDensity,0.786666667
2009,4,10,A,KF10A,Soil status,pH,6.65
2009,4,10,A,KF10A,Soil status,OlsenP,39.83333333
2009,4,10,A,KF10A,Soil status,AMN,54.33333333
2009,4,10,A,KF10A,Soil status,Carbon,3.978333333
2009,4,10,A,KF10A,Soil status,Nitrogen,0.348333333
2009,4,10,A,KF10A,Soil status,BulkDensity,0.85
2009,4,10,B,KF10B,Soil status,pH,6.633333333
2009,4,10,B,KF10B,Soil status,OlsenP,33.5
2009,4,10,B,KF10B,Soil status,AMN,69.83333333
2009,4,10,B,KF10B,Soil status,Carbon,5.255
2009,4,10,B,KF10B,Soil status,Nitrogen,0.453333333
2009,4,10,B,KF10B,Soil status,BulkDensity,0.775
2009,4,10,C,KF10C,Soil status,pH,6.533333333
2009,4,10,C,KF10C,Soil status,OlsenP,61.66666667
2009,4,10,C,KF10C,Soil status,AMN,51.16666667
2009,4,10,C,KF10C,Soil status,Carbon,4.778333333
2009,4,10,C,KF10C,Soil status,Nitrogen,0.418333333
2009,4,10,C,KF10C,Soil status,BulkDensity,0.778333333
2009,4,11,A,KF11A,Soil status,pH,6.733333333
2009,4,11,A,KF11A,Soil status,OlsenP,62.83333333
2009,4,11,A,KF11A,Soil status,AMN,57.5
2009,4,11,A,KF11A,Soil status,Carbon,3.486666667
2009,4,11,A,KF11A,Soil status,Nitrogen,0.283333333
2009,4,11,A,KF11A,Soil status,BulkDensity,0.895
2009,4,11,B,KF11B,Soil status,pH,6.816666667
2009,4,11,B,KF11B,Soil status,OlsenP,74.33333333
2009,4,11,B,KF11B,Soil status,AMN,88.83333333
2009,4,11,B,KF11B,Soil status,Carbon,4.736666667
2009,4,11,B,KF11B,Soil status,Nitrogen,0.393333333
2009,4,11,B,KF11B,Soil status,BulkDensity,0.771666667
2009,4,11,C,KF11C,Soil status,pH,6.483333333
2009,4,11,C,KF11C,Soil status,OlsenP,59.33333333
2009,4,11,C,KF11C,Soil status,AMN,83.83333333
2009,4,11,C,KF11C,Soil status,Carbon,3.565
2009,4,11,C,KF11C,Soil status,Nitrogen,0.3
2009,4,11,C,KF11C,Soil status,BulkDensity,0.878333333
2005,0,10,A,KF10A,Ecosystem composition,intro_all,35.9679592
2005,0,10,B,KF10B,Ecosystem composition,intro_all,9.26258199
2005,0,10,C,KF10C,Ecosystem composition,intro_all,33.4177806
2005,0,11,A,KF11A,Ecosystem composition,intro_all,43.84289138
2005,0,11,B,KF11B,Ecosystem composition,intro_all,9.07918773
2005,0,11,C,KF11C,Ecosystem composition,intro_all,14.16284901
2005,0,2,A,KF2A,Ecosystem composition,intro_all,16.1873167
2005,0,2,B,KF2B,Ecosystem composition,intro_all,13.1782077
2005,0,2,C,KF2C,Ecosystem composition,intro_all,20.33835855
2005,0,3,A,KF3A,Ecosystem composition,intro_all,14.2272174
2005,0,3,B,KF3B,Ecosystem composition,intro_all,17.27746643
2005,0,3,C,KF3C,Ecosystem composition,intro_all,33.28934198
2005,0,4,A,KF4A,Ecosystem composition,intro_all,27.23281622
2005,0,4,B,KF4B,Ecosystem composition,intro_all,21.9115879
2005,0,4,C,KF4C,Ecosystem composition,intro_all,16.1887329
2005,0,5,A,KF5A,Ecosystem composition,intro_all,22.33553477
2005,0,5,B,KF5B,Ecosystem composition,intro_all,10.9733314
2005,0,5,C,KF5C,Ecosystem composition,intro_all,24.37592614
2005,0,6,A,KF6A,Ecosystem composition,intro_all,26.8857746
2005,0,6,B,KF6B,Ecosystem composition,intro_all,17.8889641
2005,0,6,C,KF6C,Ecosystem composition,intro_all,6.97068713
2005,0,7,A,KF7A,Ecosystem composition,intro_all,31.7086193
2005,0,7,B,KF7B,Ecosystem composition,intro_all,41.9571978
2005,0,7,C,KF7C,Ecosystem composition,intro_all,15.54966388
2005,0,8,A,KF8A,Ecosystem composition,intro_all,32.19052578
2005,0,8,B,KF8B,Ecosystem composition,intro_all,13.33958386
2005,0,8,C,KF8C,Ecosystem composition,intro_all,10.88227356
2005,0,9,A,KF9A,Ecosystem composition,intro_all,22.37255109
2005,0,9,B,KF9B,Ecosystem composition,intro_all,7.7846416
2005,0,9,C,KF9C,Ecosystem composition,intro_all,20.5986037
2007,2,10,A,KF10A,Ecosystem composition,intro_all,19.6442505
2007,2,10,B,KF10B,Ecosystem composition,intro_all,47.4836024
2007,2,10,C,KF10C,Ecosystem composition,intro_all,17.78713139
2007,2,11,A,KF11A,Ecosystem composition,intro_all,8.464728
2007,2,11,B,KF11B,Ecosystem composition,intro_all,58.85390657
2007,2,11,C,KF11C,Ecosystem composition,intro_all,16.43697166
2007,2,2,A,KF2A,Ecosystem composition,intro_all,27.40962111
2007,2,2,B,KF2B,Ecosystem composition,intro_all,7.4470757
2007,2,2,C,KF2C,Ecosystem composition,intro_all,7.08473554
2007,2,3,A,KF3A,Ecosystem composition,intro_all,24.64712489
2007,2,3,B,KF3B,Ecosystem composition,intro_all,8.48053129
2007,2,3,C,KF3C,Ecosystem composition,intro_all,14.07630372
2007,2,4,A,KF4A,Ecosystem composition,intro_all,14.9356248
2007,2,4,B,KF4B,Ecosystem composition,intro_all,21.25930748
2007,2,4,C,KF4C,Ecosystem composition,intro_all,9.5097988
2007,2,5,A,KF5A,Ecosystem composition,intro_all,21.368052
2007,2,5,B,KF5B,Ecosystem composition,intro_all,29.0221743
2007,2,5,C,KF5C,Ecosystem composition,intro_all,17.91959889
2007,2,6,A,KF6A,Ecosystem composition,intro_all,6.94619702
2007,2,6,B,KF6B,Ecosystem composition,intro_all,23.5730278
2007,2,6,C,KF6C,Ecosystem composition,intro_all,11.05678371
2007,2,7,A,KF7A,Ecosystem composition,intro_all,17.2482825
2007,2,7,B,KF7B,Ecosystem composition,intro_all,17.54408064
2007,2,7,C,KF7C,Ecosystem composition,intro_all,14.8520147
2007,2,8,A,KF8A,Ecosystem composition,intro_all,29.17998
2007,2,8,B,KF8B,Ecosystem composition,intro_all,22.34367819
2007,2,8,C,KF8C,Ecosystem composition,intro_all,10.4686069
2007,2,9,A,KF9A,Ecosystem composition,intro_all,17.98761951
2007,2,9,B,KF9B,Ecosystem composition,intro_all,33.96414118
2007,2,9,C,KF9C,Ecosystem composition,intro_all,10.25411387
2010,5,10,A,KF10A,Ecosystem composition,intro_all,35.7150391
2010,5,10,B,KF10B,Ecosystem composition,intro_all,22.1292277
2010,5,10,C,KF10C,Ecosystem composition,intro_all,37.2310265
2010,5,11,A,KF11A,Ecosystem composition,intro_all,25.78642795
2010,5,11,B,KF11B,Ecosystem composition,intro_all,9.9945696
2010,5,11,C,KF11C,Ecosystem composition,intro_all,7.94499365
2010,5,2,A,KF2A,Ecosystem composition,intro_all,24.49175298
2010,5,2,B,KF2B,Ecosystem composition,intro_all,17.10791011
2010,5,2,C,KF2C,Ecosystem composition,intro_all,7.4098967
2010,5,3,A,KF3A,Ecosystem composition,intro_all,44.7157529
2010,5,3,B,KF3B,Ecosystem composition,intro_all,15.22749442
2010,5,3,C,KF3C,Ecosystem composition,intro_all,26.62916659
2010,5,4,A,KF4A,Ecosystem composition,intro_all,59.0252342
2010,5,4,B,KF4B,Ecosystem composition,intro_all,20.3405862
2010,5,4,C,KF4C,Ecosystem composition,intro_all,16.8900982
2010,5,5,A,KF5A,Ecosystem composition,intro_all,36.4023951
2010,5,5,B,KF5B,Ecosystem composition,intro_all,27.4142134
2010,5,5,C,KF5C,Ecosystem composition,intro_all,8.89237768
2010,5,6,A,KF6A,Ecosystem composition,intro_all,16.66325171
2010,5,6,B,KF6B,Ecosystem composition,intro_all,11.88599411
2010,5,6,C,KF6C,Ecosystem composition,intro_all,11.85986429
2010,5,7,A,KF7A,Ecosystem composition,intro_all,29.50856123
2010,5,7,B,KF7B,Ecosystem composition,intro_all,26.59801463
2010,5,7,C,KF7C,Ecosystem composition,intro_all,14.0735789
2010,5,8,A,KF8A,Ecosystem composition,intro_all,42.0625015
2010,5,8,B,KF8B,Ecosystem composition,intro_all,14.2331045
2010,5,8,C,KF8C,Ecosystem composition,intro_all,14.4751855
2010,5,9,A,KF9A,Ecosystem composition,intro_all,29.64371119
2010,5,9,B,KF9B,Ecosystem composition,intro_all,12.951177
2010,5,9,C,KF9C,Ecosystem composition,intro_all,10.7180801
2005,0,10,A,KF10A,Ecosystem composition,intro_insectivore,18.4312685
2005,0,10,B,KF10B,Ecosystem composition,intro_insectivore,6.67983
2005,0,10,C,KF10C,Ecosystem composition,intro_insectivore,13.5309726
2005,0,11,A,KF11A,Ecosystem composition,intro_insectivore,23.3963017
2005,0,11,B,KF11B,Ecosystem composition,intro_insectivore,5.2973055
2005,0,11,C,KF11C,Ecosystem composition,intro_insectivore,8.2019774
2005,0,2,A,KF2A,Ecosystem composition,intro_insectivore,12.959764
2005,0,2,B,KF2B,Ecosystem composition,intro_insectivore,4.0931186
2005,0,2,C,KF2C,Ecosystem composition,intro_insectivore,8.2393519
2005,0,3,A,KF3A,Ecosystem composition,intro_insectivore,5.6596239
2005,0,3,B,KF3B,Ecosystem composition,intro_insectivore,5.8096028
2005,0,3,C,KF3C,Ecosystem composition,intro_insectivore,12.7263074
2005,0,4,A,KF4A,Ecosystem composition,intro_insectivore,18.7996596
2005,0,4,B,KF4B,Ecosystem composition,intro_insectivore,15.475805
2005,0,4,C,KF4C,Ecosystem composition,intro_insectivore,10.2696875
2005,0,5,A,KF5A,Ecosystem composition,intro_insectivore,15.7844125
2005,0,5,B,KF5B,Ecosystem composition,intro_insectivore,6.59088
2005,0,5,C,KF5C,Ecosystem composition,intro_insectivore,9.6027596
2005,0,6,A,KF6A,Ecosystem composition,intro_insectivore,22.178969
2005,0,6,B,KF6B,Ecosystem composition,intro_insectivore,11.9545886
2005,0,6,C,KF6C,Ecosystem composition,intro_insectivore,4.34352923
2005,0,7,A,KF7A,Ecosystem composition,intro_insectivore,22.2579545
2005,0,7,B,KF7B,Ecosystem composition,intro_insectivore,23.376458
2005,0,7,C,KF7C,Ecosystem composition,intro_insectivore,9.5020167
2005,0,8,A,KF8A,Ecosystem composition,intro_insectivore,26.8322808
2005,0,8,B,KF8B,Ecosystem composition,intro_insectivore,6.9134542
2005,0,8,C,KF8C,Ecosystem composition,intro_insectivore,7.71226
2005,0,9,A,KF9A,Ecosystem composition,intro_insectivore,15.54923149
2005,0,9,B,KF9B,Ecosystem composition,intro_insectivore,3.5880121
2005,0,9,C,KF9C,Ecosystem composition,intro_insectivore,8.5459749
2007,2,10,A,KF10A,Ecosystem composition,intro_insectivore,16.5383129
2007,2,10,B,KF10B,Ecosystem composition,intro_insectivore,19.9893628
2007,2,10,C,KF10C,Ecosystem composition,intro_insectivore,6.98315979
2007,2,11,A,KF11A,Ecosystem composition,intro_insectivore,5.5387586
2007,2,11,B,KF11B,Ecosystem composition,intro_insectivore,26.34503427
2007,2,11,C,KF11C,Ecosystem composition,intro_insectivore,9.314294
2007,2,2,A,KF2A,Ecosystem composition,intro_insectivore,8.98457152
2007,2,2,B,KF2B,Ecosystem composition,intro_insectivore,2.2937433
2007,2,2,C,KF2C,Ecosystem composition,intro_insectivore,2.5603001
2007,2,3,A,KF3A,Ecosystem composition,intro_insectivore,7.10549838
2007,2,3,B,KF3B,Ecosystem composition,intro_insectivore,3.8006198
2007,2,3,C,KF3C,Ecosystem composition,intro_insectivore,8.5305461
2007,2,4,A,KF4A,Ecosystem composition,intro_insectivore,6.8568888
2007,2,4,B,KF4B,Ecosystem composition,intro_insectivore,14.74224354
2007,2,4,C,KF4C,Ecosystem composition,intro_insectivore,6.3552159
2007,2,5,A,KF5A,Ecosystem composition,intro_insectivore,12.038876
2007,2,5,B,KF5B,Ecosystem composition,intro_insectivore,23.8702747
2007,2,5,C,KF5C,Ecosystem composition,intro_insectivore,9.6587009
2007,2,6,A,KF6A,Ecosystem composition,intro_insectivore,5.48398252
2007,2,6,B,KF6B,Ecosystem composition,intro_insectivore,20.0738026
2007,2,6,C,KF6C,Ecosystem composition,intro_insectivore,6.3009255
2007,2,7,A,KF7A,Ecosystem composition,intro_insectivore,14.135027
2007,2,7,B,KF7B,Ecosystem composition,intro_insectivore,13.03287694
2007,2,7,C,KF7C,Ecosystem composition,intro_insectivore,9.5366818
2007,2,8,A,KF8A,Ecosystem composition,intro_insectivore,14.158394
2007,2,8,B,KF8B,Ecosystem composition,intro_insectivore,17.29739849
2007,2,8,C,KF8C,Ecosystem composition,intro_insectivore,6.5149464
2007,2,9,A,KF9A,Ecosystem composition,intro_insectivore,9.465081
2007,2,9,B,KF9B,Ecosystem composition,intro_insectivore,22.9504343
2007,2,9,C,KF9C,Ecosystem composition,intro_insectivore,6.45607327
2010,5,10,A,KF10A,Ecosystem composition,intro_insectivore,20.0914611
2010,5,10,B,KF10B,Ecosystem composition,intro_insectivore,11.7940849
2010,5,10,C,KF10C,Ecosystem composition,intro_insectivore,10.4168203
2010,5,11,A,KF11A,Ecosystem composition,intro_insectivore,15.7066887
2010,5,11,B,KF11B,Ecosystem composition,intro_insectivore,6.9051608
2010,5,11,C,KF11C,Ecosystem composition,intro_insectivore,4.9343185
2010,5,2,A,KF2A,Ecosystem composition,intro_insectivore,19.306469
2010,5,2,B,KF2B,Ecosystem composition,intro_insectivore,11.739838
2010,5,2,C,KF2C,Ecosystem composition,intro_insectivore,4.4223005
2010,5,3,A,KF3A,Ecosystem composition,intro_insectivore,38.688601
2010,5,3,B,KF3B,Ecosystem composition,intro_insectivore,8.11515782
2010,5,3,C,KF3C,Ecosystem composition,intro_insectivore,19.5247112
2010,5,4,A,KF4A,Ecosystem composition,intro_insectivore,50.8921632
2010,5,4,B,KF4B,Ecosystem composition,intro_insectivore,13.4025223
2010,5,4,C,KF4C,Ecosystem composition,intro_insectivore,10.9986284
2010,5,5,A,KF5A,Ecosystem composition,intro_insectivore,27.1767654
2010,5,5,B,KF5B,Ecosystem composition,intro_insectivore,11.5201463
2010,5,5,C,KF5C,Ecosystem composition,intro_insectivore,5.6048891
2010,5,6,A,KF6A,Ecosystem composition,intro_insectivore,10.61173658
2010,5,6,B,KF6B,Ecosystem composition,intro_insectivore,6.57878068
2010,5,6,C,KF6C,Ecosystem composition,intro_insectivore,4.5223263
2010,5,7,A,KF7A,Ecosystem composition,intro_insectivore,19.87075245
2010,5,7,B,KF7B,Ecosystem composition,intro_insectivore,10.746496
2010,5,7,C,KF7C,Ecosystem composition,intro_insectivore,7.9072256
2010,5,8,A,KF8A,Ecosystem composition,intro_insectivore,32.9450254
2010,5,8,B,KF8B,Ecosystem composition,intro_insectivore,9.0960695
2010,5,8,C,KF8C,Ecosystem composition,intro_insectivore,7.9377954
2010,5,9,A,KF9A,Ecosystem composition,intro_insectivore,23.14607512
2010,5,9,B,KF9B,Ecosystem composition,intro_insectivore,5.248827
2010,5,9,C,KF9C,Ecosystem composition,intro_insectivore,4.6767625
2005,0,10,A,KF10A,Ecosystem composition,intro_granivorous,17.0321239
2005,0,10,B,KF10B,Ecosystem composition,intro_granivorous,2.0766368
2005,0,10,C,KF10C,Ecosystem composition,intro_granivorous,19.886808
2005,0,11,A,KF11A,Ecosystem composition,intro_granivorous,19.05306208
2005,0,11,B,KF11B,Ecosystem composition,intro_granivorous,3.68306531
2005,0,11,C,KF11C,Ecosystem composition,intro_granivorous,5.9225567
2005,0,2,A,KF2A,Ecosystem composition,intro_granivorous,3.2275527
2005,0,2,B,KF2B,Ecosystem composition,intro_granivorous,8.956525
2005,0,2,C,KF2C,Ecosystem composition,intro_granivorous,12.027389
2005,0,3,A,KF3A,Ecosystem composition,intro_granivorous,8.3014366
2005,0,3,B,KF3B,Ecosystem composition,intro_granivorous,11.3006404
2005,0,3,C,KF3C,Ecosystem composition,intro_granivorous,20.4719124
2005,0,4,A,KF4A,Ecosystem composition,intro_granivorous,7.5542906
2005,0,4,B,KF4B,Ecosystem composition,intro_granivorous,5.9138551
2005,0,4,C,KF4C,Ecosystem composition,intro_granivorous,5.9190454
2005,0,5,A,KF5A,Ecosystem composition,intro_granivorous,6.12474052
2005,0,5,B,KF5B,Ecosystem composition,intro_granivorous,3.7536859
2005,0,5,C,KF5C,Ecosystem composition,intro_granivorous,14.6897784
2005,0,6,A,KF6A,Ecosystem composition,intro_granivorous,4.4343118
2005,0,6,B,KF6B,Ecosystem composition,intro_granivorous,5.8217334
2005,0,6,C,KF6C,Ecosystem composition,intro_granivorous,2.5237604
2005,0,7,A,KF7A,Ecosystem composition,intro_granivorous,9.4506648
2005,0,7,B,KF7B,Ecosystem composition,intro_granivorous,18.5807398
2005,0,7,C,KF7C,Ecosystem composition,intro_granivorous,5.7335464
2005,0,8,A,KF8A,Ecosystem composition,intro_granivorous,5.1732288
2005,0,8,B,KF8B,Ecosystem composition,intro_granivorous,6.148533
2005,0,8,C,KF8C,Ecosystem composition,intro_granivorous,2.8181783
2005,0,9,A,KF9A,Ecosystem composition,intro_granivorous,6.4279981
2005,0,9,B,KF9B,Ecosystem composition,intro_granivorous,3.7906217
2005,0,9,C,KF9C,Ecosystem composition,intro_granivorous,12.0526288
2007,2,10,A,KF10A,Ecosystem composition,intro_granivorous,3.072017
2007,2,10,B,KF10B,Ecosystem composition,intro_granivorous,27.029218
2007,2,10,C,KF10C,Ecosystem composition,intro_granivorous,10.58764
2007,2,11,A,KF11A,Ecosystem composition,intro_granivorous,2.7123058
2007,2,11,B,KF11B,Ecosystem composition,intro_granivorous,31.4174207
2007,2,11,C,KF11C,Ecosystem composition,intro_granivorous,7.043083
2007,2,2,A,KF2A,Ecosystem composition,intro_granivorous,18.3945107
2007,2,2,B,KF2B,Ecosystem composition,intro_granivorous,5.1533324
2007,2,2,C,KF2C,Ecosystem composition,intro_granivorous,4.4635435
2007,2,3,A,KF3A,Ecosystem composition,intro_granivorous,17.46398928
2007,2,3,B,KF3B,Ecosystem composition,intro_granivorous,4.582478
2007,2,3,C,KF3C,Ecosystem composition,intro_granivorous,5.37618242
2007,2,4,A,KF4A,Ecosystem composition,intro_granivorous,8.078736
2007,2,4,B,KF4B,Ecosystem composition,intro_granivorous,6.4715795
2007,2,4,C,KF4C,Ecosystem composition,intro_granivorous,3.1545829
2007,2,5,A,KF5A,Ecosystem composition,intro_granivorous,8.6911297
2007,2,5,B,KF5B,Ecosystem composition,intro_granivorous,5.0125161
2007,2,5,C,KF5C,Ecosystem composition,intro_granivorous,8.26089799
2007,2,6,A,KF6A,Ecosystem composition,intro_granivorous,1.2618158
2007,2,6,B,KF6B,Ecosystem composition,intro_granivorous,3.3077118
2007,2,6,C,KF6C,Ecosystem composition,intro_granivorous,4.7261988
2007,2,7,A,KF7A,Ecosystem composition,intro_granivorous,3.1132555
2007,2,7,B,KF7B,Ecosystem composition,intro_granivorous,4.3830238
2007,2,7,C,KF7C,Ecosystem composition,intro_granivorous,5.2498591
2007,2,8,A,KF8A,Ecosystem composition,intro_granivorous,15.021586
2007,2,8,B,KF8B,Ecosystem composition,intro_granivorous,3.6700231
2007,2,8,C,KF8C,Ecosystem composition,intro_granivorous,3.6438155
2007,2,9,A,KF9A,Ecosystem composition,intro_granivorous,7.62210041
2007,2,9,B,KF9B,Ecosystem composition,intro_granivorous,10.50536926
2007,2,9,C,KF9C,Ecosystem composition,intro_granivorous,3.645061
2010,5,10,A,KF10A,Ecosystem composition,intro_granivorous,15.1843094
2010,5,10,B,KF10B,Ecosystem composition,intro_granivorous,9.6853611
2010,5,10,C,KF10C,Ecosystem composition,intro_granivorous,26.5539813
2010,5,11,A,KF11A,Ecosystem composition,intro_granivorous,10.0184745
2010,5,11,B,KF11B,Ecosystem composition,intro_granivorous,2.9645977
2010,5,11,C,KF11C,Ecosystem composition,intro_granivorous,2.96354594
2010,5,2,A,KF2A,Ecosystem composition,intro_granivorous,4.19958578
2010,5,2,B,KF2B,Ecosystem composition,intro_granivorous,5.3214537
2010,5,2,C,KF2C,Ecosystem composition,intro_granivorous,2.7992117
2010,5,3,A,KF3A,Ecosystem composition,intro_granivorous,5.3290674
2010,5,3,B,KF3B,Ecosystem composition,intro_granivorous,6.7014082
2010,5,3,C,KF3C,Ecosystem composition,intro_granivorous,6.5421763
2010,5,4,A,KF4A,Ecosystem composition,intro_granivorous,8.133071
2010,5,4,B,KF4B,Ecosystem composition,intro_granivorous,6.793638
2010,5,4,C,KF4C,Ecosystem composition,intro_granivorous,5.8914698
2010,5,5,A,KF5A,Ecosystem composition,intro_granivorous,9.1246382
2010,5,5,B,KF5B,Ecosystem composition,intro_granivorous,15.8940671
2010,5,5,C,KF5C,Ecosystem composition,intro_granivorous,2.729183
2010,5,6,A,KF6A,Ecosystem composition,intro_granivorous,5.943206
2010,5,6,B,KF6B,Ecosystem composition,intro_granivorous,5.25767592
2010,5,6,C,KF6C,Ecosystem composition,intro_granivorous,6.863617
2010,5,7,A,KF7A,Ecosystem composition,intro_granivorous,9.5466096
2010,5,7,B,KF7B,Ecosystem composition,intro_granivorous,15.7590079
2010,5,7,C,KF7C,Ecosystem composition,intro_granivorous,6.1663533
2010,5,8,A,KF8A,Ecosystem composition,intro_granivorous,8.188416
2010,5,8,B,KF8B,Ecosystem composition,intro_granivorous,5.137035
2010,5,8,C,KF8C,Ecosystem composition,intro_granivorous,6.5373901
2010,5,9,A,KF9A,Ecosystem composition,intro_granivorous,6.4499857
2010,5,9,B,KF9B,Ecosystem composition,intro_granivorous,7.70235
2010,5,9,C,KF9C,Ecosystem composition,intro_granivorous,5.7889588
2005,0,10,A,KF10A,Ecosystem composition,native,1.5621002
2005,0,10,B,KF10B,Ecosystem composition,native,0.06555863
2005,0,10,C,KF10C,Ecosystem composition,native,2.27279252
2005,0,11,A,KF11A,Ecosystem composition,native,3.42096615
2005,0,11,B,KF11B,Ecosystem composition,native,0.38995258
2005,0,11,C,KF11C,Ecosystem composition,native,0.2114055
2005,0,2,A,KF2A,Ecosystem composition,native,0.5091778
2005,0,2,B,KF2B,Ecosystem composition,native,0.72241521
2005,0,2,C,KF2C,Ecosystem composition,native,4.0819523
2005,0,3,A,KF3A,Ecosystem composition,native,9.7518746
2005,0,3,B,KF3B,Ecosystem composition,native,1.59992526
2005,0,3,C,KF3C,Ecosystem composition,native,3.24091168
2005,0,4,A,KF4A,Ecosystem composition,native,0.94728896
2005,0,4,B,KF4B,Ecosystem composition,native,1.30977545
2005,0,4,C,KF4C,Ecosystem composition,native,0.6705044
2005,0,5,A,KF5A,Ecosystem composition,native,0.36361657
2005,0,5,B,KF5B,Ecosystem composition,native,0.6153364
2005,0,5,C,KF5C,Ecosystem composition,native,1.57126835
2005,0,6,A,KF6A,Ecosystem composition,native,2.82014636
2005,0,6,B,KF6B,Ecosystem composition,native,1.57919262
2005,0,6,C,KF6C,Ecosystem composition,native,1.16067006
2005,0,7,A,KF7A,Ecosystem composition,native,0.6174353
2005,0,7,B,KF7B,Ecosystem composition,native,1.0946193
2005,0,7,C,KF7C,Ecosystem composition,native,1.91445431
2005,0,8,A,KF8A,Ecosystem composition,native,1.0374426
2005,0,8,B,KF8B,Ecosystem composition,native,1.21264934
2005,0,8,C,KF8C,Ecosystem composition,native,0.96929783
2005,0,9,A,KF9A,Ecosystem composition,native,2.66778051
2005,0,9,B,KF9B,Ecosystem composition,native,0.6411033
2005,0,9,C,KF9C,Ecosystem composition,native,0
2007,2,10,A,KF10A,Ecosystem composition,native,0.467899
2007,2,10,B,KF10B,Ecosystem composition,native,1.25095142
2007,2,10,C,KF10C,Ecosystem composition,native,0.41183034
2007,2,11,A,KF11A,Ecosystem composition,native,0.37187142
2007,2,11,B,KF11B,Ecosystem composition,native,1.90501201
2007,2,11,C,KF11C,Ecosystem composition,native,1.3292825
2007,2,2,A,KF2A,Ecosystem composition,native,5.5677907
2007,2,2,B,KF2B,Ecosystem composition,native,0.92501724
2007,2,2,C,KF2C,Ecosystem composition,native,4.43252481
2007,2,3,A,KF3A,Ecosystem composition,native,4.45279298
2007,2,3,B,KF3B,Ecosystem composition,native,0.5141631
2007,2,3,C,KF3C,Ecosystem composition,native,6.57532131
2007,2,4,A,KF4A,Ecosystem composition,native,0.67327723
2007,2,4,B,KF4B,Ecosystem composition,native,1.81239316
2007,2,4,C,KF4C,Ecosystem composition,native,0.6309055
2007,2,5,A,KF5A,Ecosystem composition,native,0.7117692
2007,2,5,B,KF5B,Ecosystem composition,native,0.46435153
2007,2,5,C,KF5C,Ecosystem composition,native,0.83225615
2007,2,6,A,KF6A,Ecosystem composition,native,2.0541753
2007,2,6,B,KF6B,Ecosystem composition,native,1.5028088
2007,2,6,C,KF6C,Ecosystem composition,native,0.13849962
2007,2,7,A,KF7A,Ecosystem composition,native,1.04390618
2007,2,7,B,KF7B,Ecosystem composition,native,1.08975316
2007,2,7,C,KF7C,Ecosystem composition,native,2.12712106
2007,2,8,A,KF8A,Ecosystem composition,native,5.8149312
2007,2,8,B,KF8B,Ecosystem composition,native,0.65616116
2007,2,8,C,KF8C,Ecosystem composition,native,0.72590436
2007,2,9,A,KF9A,Ecosystem composition,native,2.40323815
2007,2,9,B,KF9B,Ecosystem composition,native,0.76791119
2007,2,9,C,KF9C,Ecosystem composition,native,0
2010,5,10,A,KF10A,Ecosystem composition,native,1.64289332
2010,5,10,B,KF10B,Ecosystem composition,native,0.4822357
2010,5,10,C,KF10C,Ecosystem composition,native,5.1690504
2010,5,11,A,KF11A,Ecosystem composition,native,0.98866618
2010,5,11,B,KF11B,Ecosystem composition,native,0.34372817
2010,5,11,C,KF11C,Ecosystem composition,native,0.03732315
2010,5,2,A,KF2A,Ecosystem composition,native,4.6315125
2010,5,2,B,KF2B,Ecosystem composition,native,3.0365309
2010,5,2,C,KF2C,Ecosystem composition,native,0.90902024
2010,5,3,A,KF3A,Ecosystem composition,native,5.3200493
2010,5,3,B,KF3B,Ecosystem composition,native,1.33103874
2010,5,3,C,KF3C,Ecosystem composition,native,0
2010,5,4,A,KF4A,Ecosystem composition,native,0.8626626
2010,5,4,B,KF4B,Ecosystem composition,native,1.38114241
2010,5,4,C,KF4C,Ecosystem composition,native,0
2010,5,5,A,KF5A,Ecosystem composition,native,4.3243145
2010,5,5,B,KF5B,Ecosystem composition,native,4.1554387
2010,5,5,C,KF5C,Ecosystem composition,native,0.5604621
2010,5,6,A,KF6A,Ecosystem composition,native,1.56023523
2010,5,6,B,KF6B,Ecosystem composition,native,0.97360817
2010,5,6,C,KF6C,Ecosystem composition,native,0.35751825
2010,5,7,A,KF7A,Ecosystem composition,native,0.74898337
2010,5,7,B,KF7B,Ecosystem composition,native,1.23103225
2010,5,7,C,KF7C,Ecosystem composition,native,0.3055696
2010,5,8,A,KF8A,Ecosystem composition,native,2.7092797
2010,5,8,B,KF8B,Ecosystem composition,native,3.532102
2010,5,8,C,KF8C,Ecosystem composition,native,2.57794896
2010,5,9,A,KF9A,Ecosystem composition,native,1.9072322
2010,5,9,B,KF9B,Ecosystem composition,native,1.2374789
2010,5,9,C,KF9C,Ecosystem composition,native,0.125587
2005,0,10,A,KF10A,Ecosystem composition,native_insectivore,1.1158077
2005,0,10,B,KF10B,Ecosystem composition,native_insectivore,0
2005,0,10,C,KF10C,Ecosystem composition,native_insectivore,1.0525063
2005,0,11,A,KF11A,Ecosystem composition,native_insectivore,1.33961655
2005,0,11,B,KF11B,Ecosystem composition,native_insectivore,0.19856391
2005,0,11,C,KF11C,Ecosystem composition,native_insectivore,0.2114055
2005,0,2,A,KF2A,Ecosystem composition,native_insectivore,0.5091778
2005,0,2,B,KF2B,Ecosystem composition,native_insectivore,0.4433518
2005,0,2,C,KF2C,Ecosystem composition,native_insectivore,1.8928241
2005,0,3,A,KF3A,Ecosystem composition,native_insectivore,0.8793018
2005,0,3,B,KF3B,Ecosystem composition,native_insectivore,0.9566972
2005,0,3,C,KF3C,Ecosystem composition,native_insectivore,1.9502505
2005,0,4,A,KF4A,Ecosystem composition,native_insectivore,0.53721481
2005,0,4,B,KF4B,Ecosystem composition,native_insectivore,0.1122095
2005,0,4,C,KF4C,Ecosystem composition,native_insectivore,0.48919152
2005,0,5,A,KF5A,Ecosystem composition,native_insectivore,0.30110747
2005,0,5,B,KF5B,Ecosystem composition,native_insectivore,0.1710974
2005,0,5,C,KF5C,Ecosystem composition,native_insectivore,1.27579468
2005,0,6,A,KF6A,Ecosystem composition,native_insectivore,0.54971526
2005,0,6,B,KF6B,Ecosystem composition,native_insectivore,0.5132014
2005,0,6,C,KF6C,Ecosystem composition,native_insectivore,0.15142601
2005,0,7,A,KF7A,Ecosystem composition,native_insectivore,0.1174725
2005,0,7,B,KF7B,Ecosystem composition,native_insectivore,0.273629
2005,0,7,C,KF7C,Ecosystem composition,native_insectivore,1.5447389
2005,0,8,A,KF8A,Ecosystem composition,native_insectivore,0
2005,0,8,B,KF8B,Ecosystem composition,native_insectivore,0
2005,0,8,C,KF8C,Ecosystem composition,native_insectivore,0.30919027
2005,0,9,A,KF9A,Ecosystem composition,native_insectivore,1.5662666
2005,0,9,B,KF9B,Ecosystem composition,native_insectivore,0.3518945
2005,0,9,C,KF9C,Ecosystem composition,native_insectivore,0
2007,2,10,A,KF10A,Ecosystem composition,native_insectivore,0.467899
2007,2,10,B,KF10B,Ecosystem composition,native_insectivore,1.08227332
2007,2,10,C,KF10C,Ecosystem composition,native_insectivore,0.2608196
2007,2,11,A,KF11A,Ecosystem composition,native_insectivore,0.08420754
2007,2,11,B,KF11B,Ecosystem composition,native_insectivore,1.661902
2007,2,11,C,KF11C,Ecosystem composition,native_insectivore,0.6587547
2007,2,2,A,KF2A,Ecosystem composition,native_insectivore,1.0234614
2007,2,2,B,KF2B,Ecosystem composition,native_insectivore,0.4007367
2007,2,2,C,KF2C,Ecosystem composition,native_insectivore,1.24345027
2007,2,3,A,KF3A,Ecosystem composition,native_insectivore,1.4384549
2007,2,3,B,KF3B,Ecosystem composition,native_insectivore,0.3810008
2007,2,3,C,KF3C,Ecosystem composition,native_insectivore,1.4944173
2007,2,4,A,KF4A,Ecosystem composition,native_insectivore,0.4396402
2007,2,4,B,KF4B,Ecosystem composition,native_insectivore,1.30526556
2007,2,4,C,KF4C,Ecosystem composition,native_insectivore,0.3278853
2007,2,5,A,KF5A,Ecosystem composition,native_insectivore,0.5530066
2007,2,5,B,KF5B,Ecosystem composition,native_insectivore,0
2007,2,5,C,KF5C,Ecosystem composition,native_insectivore,0.6923403
2007,2,6,A,KF6A,Ecosystem composition,native_insectivore,1.879717
2007,2,6,B,KF6B,Ecosystem composition,native_insectivore,0.2087143
2007,2,6,C,KF6C,Ecosystem composition,native_insectivore,0
2007,2,7,A,KF7A,Ecosystem composition,native_insectivore,0.9580677
2007,2,7,B,KF7B,Ecosystem composition,native_insectivore,0.77777478
2007,2,7,C,KF7C,Ecosystem composition,native_insectivore,0.6489168
2007,2,8,A,KF8A,Ecosystem composition,native_insectivore,2.3696272
2007,2,8,B,KF8B,Ecosystem composition,native_insectivore,0.3125543
2007,2,8,C,KF8C,Ecosystem composition,native_insectivore,0
2007,2,9,A,KF9A,Ecosystem composition,native_insectivore,1.0405686
2007,2,9,B,KF9B,Ecosystem composition,native_insectivore,0.39974285
2007,2,9,C,KF9C,Ecosystem composition,native_insectivore,0
2010,5,10,A,KF10A,Ecosystem composition,native_insectivore,1.10624892
2010,5,10,B,KF10B,Ecosystem composition,native_insectivore,0
2010,5,10,C,KF10C,Ecosystem composition,native_insectivore,0.9116121
2010,5,11,A,KF11A,Ecosystem composition,native_insectivore,0.9113909
2010,5,11,B,KF11B,Ecosystem composition,native_insectivore,0.2741795
2010,5,11,C,KF11C,Ecosystem composition,native_insectivore,0
2010,5,2,A,KF2A,Ecosystem composition,native_insectivore,0.9430542
2010,5,2,B,KF2B,Ecosystem composition,native_insectivore,0.4616899
2010,5,2,C,KF2C,Ecosystem composition,native_insectivore,0.2433527
2010,5,3,A,KF3A,Ecosystem composition,native_insectivore,2.1572147
2010,5,3,B,KF3B,Ecosystem composition,native_insectivore,0.6643111
2010,5,3,C,KF3C,Ecosystem composition,native_insectivore,0
2010,5,4,A,KF4A,Ecosystem composition,native_insectivore,0.3266987
2010,5,4,B,KF4B,Ecosystem composition,native_insectivore,0.09315055
2010,5,4,C,KF4C,Ecosystem composition,native_insectivore,0
2010,5,5,A,KF5A,Ecosystem composition,native_insectivore,0.9957476
2010,5,5,B,KF5B,Ecosystem composition,native_insectivore,0.2287852
2010,5,5,C,KF5C,Ecosystem composition,native_insectivore,0.1503798
2010,5,6,A,KF6A,Ecosystem composition,native_insectivore,0.25793752
2010,5,6,B,KF6B,Ecosystem composition,native_insectivore,0
2010,5,6,C,KF6C,Ecosystem composition,native_insectivore,0
2010,5,7,A,KF7A,Ecosystem composition,native_insectivore,0.21742804
2010,5,7,B,KF7B,Ecosystem composition,native_insectivore,0.07561471
2010,5,7,C,KF7C,Ecosystem composition,native_insectivore,0
2010,5,8,A,KF8A,Ecosystem composition,native_insectivore,0.9527596
2010,5,8,B,KF8B,Ecosystem composition,native_insectivore,1.450828
2010,5,8,C,KF8C,Ecosystem composition,native_insectivore,1.497952
2010,5,9,A,KF9A,Ecosystem composition,native_insectivore,1.1538869
2010,5,9,B,KF9B,Ecosystem composition,native_insectivore,0.5690154
2010,5,9,C,KF9C,Ecosystem composition,native_insectivore,0
2005,0,10,A,KF10A,Ecosystem composition,native_nectar,0.3300534
2005,0,10,B,KF10B,Ecosystem composition,native_nectar,0.06555863
2005,0,10,C,KF10C,Ecosystem composition,native_nectar,1.1586672
2005,0,11,A,KF11A,Ecosystem composition,native_nectar,1.482434
2005,0,11,B,KF11B,Ecosystem composition,native_nectar,0.19138867
2005,0,11,C,KF11C,Ecosystem composition,native_nectar,0
2005,0,2,A,KF2A,Ecosystem composition,native_nectar,0
2005,0,2,B,KF2B,Ecosystem composition,native_nectar,0.03582001
2005,0,2,C,KF2C,Ecosystem composition,native_nectar,1.3708128
2005,0,3,A,KF3A,Ecosystem composition,native_nectar,8.5368602
2005,0,3,B,KF3B,Ecosystem composition,native_nectar,0.47451116
2005,0,3,C,KF3C,Ecosystem composition,native_nectar,1.07014994
2005,0,4,A,KF4A,Ecosystem composition,native_nectar,0.07396965
2005,0,4,B,KF4B,Ecosystem composition,native_nectar,0.7375109
2005,0,4,C,KF4C,Ecosystem composition,native_nectar,0.18131288
2005,0,5,A,KF5A,Ecosystem composition,native_nectar,0
2005,0,5,B,KF5B,Ecosystem composition,native_nectar,0.444239
2005,0,5,C,KF5C,Ecosystem composition,native_nectar,0.09955082
2005,0,6,A,KF6A,Ecosystem composition,native_nectar,1.6717571
2005,0,6,B,KF6B,Ecosystem composition,native_nectar,0.84869508
2005,0,6,C,KF6C,Ecosystem composition,native_nectar,0.9875076
2005,0,7,A,KF7A,Ecosystem composition,native_nectar,0.39991712
2005,0,7,B,KF7B,Ecosystem composition,native_nectar,0.8209903
2005,0,7,C,KF7C,Ecosystem composition,native_nectar,0.123048
2005,0,8,A,KF8A,Ecosystem composition,native_nectar,0.8665586
2005,0,8,B,KF8B,Ecosystem composition,native_nectar,1.21264934
2005,0,8,C,KF8C,Ecosystem composition,native_nectar,0.592552
2005,0,9,A,KF9A,Ecosystem composition,native_nectar,0.5344508
2005,0,9,B,KF9B,Ecosystem composition,native_nectar,0
2005,0,9,C,KF9C,Ecosystem composition,native_nectar,0
2007,2,10,A,KF10A,Ecosystem composition,native_nectar,0
2007,2,10,B,KF10B,Ecosystem composition,native_nectar,0
2007,2,10,C,KF10C,Ecosystem composition,native_nectar,0.09643747
2007,2,11,A,KF11A,Ecosystem composition,native_nectar,0.03401717
2007,2,11,B,KF11B,Ecosystem composition,native_nectar,0.1797908
2007,2,11,C,KF11C,Ecosystem composition,native_nectar,0.5701324
2007,2,2,A,KF2A,Ecosystem composition,native_nectar,3.458982
2007,2,2,B,KF2B,Ecosystem composition,native_nectar,0.34106154
2007,2,2,C,KF2C,Ecosystem composition,native_nectar,2.90293984
2007,2,3,A,KF3A,Ecosystem composition,native_nectar,2.6632264
2007,2,3,B,KF3B,Ecosystem composition,native_nectar,0.04284205
2007,2,3,C,KF3C,Ecosystem composition,native_nectar,5.0274313
2007,2,4,A,KF4A,Ecosystem composition,native_nectar,0.1791915
2007,2,4,B,KF4B,Ecosystem composition,native_nectar,0.1629013
2007,2,4,C,KF4C,Ecosystem composition,native_nectar,0.3030202
2007,2,5,A,KF5A,Ecosystem composition,native_nectar,0
2007,2,5,B,KF5B,Ecosystem composition,native_nectar,0.1247996
2007,2,5,C,KF5C,Ecosystem composition,native_nectar,0
2007,2,6,A,KF6A,Ecosystem composition,native_nectar,0
2007,2,6,B,KF6B,Ecosystem composition,native_nectar,1.028851
2007,2,6,C,KF6C,Ecosystem composition,native_nectar,0.1062244
2007,2,7,A,KF7A,Ecosystem composition,native_nectar,0
2007,2,7,B,KF7B,Ecosystem composition,native_nectar,0.02857036
2007,2,7,C,KF7C,Ecosystem composition,native_nectar,1.406956
2007,2,8,A,KF8A,Ecosystem composition,native_nectar,2.9923
2007,2,8,B,KF8B,Ecosystem composition,native_nectar,0.29216
2007,2,8,C,KF8C,Ecosystem composition,native_nectar,0.6356853
2007,2,9,A,KF9A,Ecosystem composition,native_nectar,1.07760154
2007,2,9,B,KF9B,Ecosystem composition,native_nectar,0.28676937
2007,2,9,C,KF9C,Ecosystem composition,native_nectar,0
2010,5,10,A,KF10A,Ecosystem composition,native_nectar,0.1265671
2010,5,10,B,KF10B,Ecosystem composition,native_nectar,0.2262121
2010,5,10,C,KF10C,Ecosystem composition,native_nectar,4.038618
2010,5,11,A,KF11A,Ecosystem composition,native_nectar,0
2010,5,11,B,KF11B,Ecosystem composition,native_nectar,0.06954867
2010,5,11,C,KF11C,Ecosystem composition,native_nectar,0.01750793
2010,5,2,A,KF2A,Ecosystem composition,native_nectar,1.0154473
2010,5,2,B,KF2B,Ecosystem composition,native_nectar,1.773535
2010,5,2,C,KF2C,Ecosystem composition,native_nectar,0.4497962
2010,5,3,A,KF3A,Ecosystem composition,native_nectar,2.0421846
2010,5,3,B,KF3B,Ecosystem composition,native_nectar,0.51110384
2010,5,3,C,KF3C,Ecosystem composition,native_nectar,0
2010,5,4,A,KF4A,Ecosystem composition,native_nectar,0
2010,5,4,B,KF4B,Ecosystem composition,native_nectar,1.28799186
2010,5,4,C,KF4C,Ecosystem composition,native_nectar,0
2010,5,5,A,KF5A,Ecosystem composition,native_nectar,2.379437
2010,5,5,B,KF5B,Ecosystem composition,native_nectar,3.7777257
2010,5,5,C,KF5C,Ecosystem composition,native_nectar,0.4100823
2010,5,6,A,KF6A,Ecosystem composition,native_nectar,0.8613783
2010,5,6,B,KF6B,Ecosystem composition,native_nectar,0.6072851
2010,5,6,C,KF6C,Ecosystem composition,native_nectar,0.1740504
2010,5,7,A,KF7A,Ecosystem composition,native_nectar,0
2010,5,7,B,KF7B,Ecosystem composition,native_nectar,1.0970741
2010,5,7,C,KF7C,Ecosystem composition,native_nectar,0.3055696
2010,5,8,A,KF8A,Ecosystem composition,native_nectar,1.384612
2010,5,8,B,KF8B,Ecosystem composition,native_nectar,1.9707196
2010,5,8,C,KF8C,Ecosystem composition,native_nectar,0.8983632
2010,5,9,A,KF9A,Ecosystem composition,native_nectar,0.2124183
2010,5,9,B,KF9B,Ecosystem composition,native_nectar,0.6143708
2010,5,9,C,KF9C,Ecosystem composition,native_nectar,0
2005,0,10,A,KF10A,Agricultural pests,pests,17.05624
2005,0,10,B,KF10B,Agricultural pests,pests,1.727995
2005,0,10,C,KF10C,Agricultural pests,pests,16.6519727
2005,0,11,A,KF11A,Agricultural pests,pests,16.0133693
2005,0,11,B,KF11B,Agricultural pests,pests,3.2467701
2005,0,11,C,KF11C,Agricultural pests,pests,1.7680027
2005,0,2,A,KF2A,Agricultural pests,pests,0.4928747
2005,0,2,B,KF2B,Agricultural pests,pests,5.748807
2005,0,2,C,KF2C,Agricultural pests,pests,10.2935385
2005,0,3,A,KF3A,Agricultural pests,pests,12.2922354
2005,0,3,B,KF3B,Agricultural pests,pests,8.373343
2005,0,3,C,KF3C,Agricultural pests,pests,12.98383854
2005,0,4,A,KF4A,Agricultural pests,pests,5.13914376
2005,0,4,B,KF4B,Agricultural pests,pests,4.1414334
2005,0,4,C,KF4C,Agricultural pests,pests,5.0275722
2005,0,5,A,KF5A,Agricultural pests,pests,3.822243
2005,0,5,B,KF5B,Agricultural pests,pests,2.4191881
2005,0,5,C,KF5C,Agricultural pests,pests,12.36712482
2005,0,6,A,KF6A,Agricultural pests,pests,5.58124161
2005,0,6,B,KF6B,Agricultural pests,pests,4.5454878
2005,0,6,C,KF6C,Agricultural pests,pests,2.183515
2005,0,7,A,KF7A,Agricultural pests,pests,9.5033043
2005,0,7,B,KF7B,Agricultural pests,pests,18.9972729
2005,0,7,C,KF7C,Agricultural pests,pests,4.03248106
2005,0,8,A,KF8A,Agricultural pests,pests,5.3026476
2005,0,8,B,KF8B,Agricultural pests,pests,4.480825
2005,0,8,C,KF8C,Agricultural pests,pests,2.3290921
2005,0,9,A,KF9A,Agricultural pests,pests,5.7734209
2005,0,9,B,KF9B,Agricultural pests,pests,2.3665327
2005,0,9,C,KF9C,Agricultural pests,pests,11.16746
2007,2,10,A,KF10A,Agricultural pests,pests,3.072017
2007,2,10,B,KF10B,Agricultural pests,pests,26.263646
2007,2,10,C,KF10C,Agricultural pests,pests,9.561928
2007,2,11,A,KF11A,Agricultural pests,pests,1.5364308
2007,2,11,B,KF11B,Agricultural pests,pests,17.7066008
2007,2,11,C,KF11C,Agricultural pests,pests,4.5469294
2007,2,2,A,KF2A,Agricultural pests,pests,14.5058914
2007,2,2,B,KF2B,Agricultural pests,pests,2.7271873
2007,2,2,C,KF2C,Agricultural pests,pests,5.5522104
2007,2,3,A,KF3A,Agricultural pests,pests,14.5493522
2007,2,3,B,KF3B,Agricultural pests,pests,2.645883
2007,2,3,C,KF3C,Agricultural pests,pests,8.01684749
2007,2,4,A,KF4A,Agricultural pests,pests,5.701744
2007,2,4,B,KF4B,Agricultural pests,pests,5.4213968
2007,2,4,C,KF4C,Agricultural pests,pests,2.3680581
2007,2,5,A,KF5A,Agricultural pests,pests,6.1852867
2007,2,5,B,KF5B,Agricultural pests,pests,4.3112266
2007,2,5,C,KF5C,Agricultural pests,pests,8.2010183
2007,2,6,A,KF6A,Agricultural pests,pests,1.0242738
2007,2,6,B,KF6B,Agricultural pests,pests,3.5612379
2007,2,6,C,KF6C,Agricultural pests,pests,2.4593472
2007,2,7,A,KF7A,Agricultural pests,pests,2.371449
2007,2,7,B,KF7B,Agricultural pests,pests,4.36474953
2007,2,7,C,KF7C,Agricultural pests,pests,4.3285411
2007,2,8,A,KF8A,Agricultural pests,pests,15.347559
2007,2,8,B,KF8B,Agricultural pests,pests,3.23697
2007,2,8,C,KF8C,Agricultural pests,pests,2.8060292
2007,2,9,A,KF9A,Agricultural pests,pests,7.3196266
2007,2,9,B,KF9B,Agricultural pests,pests,9.589374
2007,2,9,C,KF9C,Agricultural pests,pests,2.8303908
2010,5,10,A,KF10A,Agricultural pests,pests,14.43824484
2010,5,10,B,KF10B,Agricultural pests,pests,8.4143277
2010,5,10,C,KF10C,Agricultural pests,pests,23.376723
2010,5,11,A,KF11A,Agricultural pests,pests,9.7350237
2010,5,11,B,KF11B,Agricultural pests,pests,2.5947368
2010,5,11,C,KF11C,Agricultural pests,pests,1.76610764
2010,5,2,A,KF2A,Agricultural pests,pests,3.6292018
2010,5,2,B,KF2B,Agricultural pests,pests,4.6972483
2010,5,2,C,KF2C,Agricultural pests,pests,3.3008046
2010,5,3,A,KF3A,Agricultural pests,pests,6.8694085
2010,5,3,B,KF3B,Agricultural pests,pests,4.687547
2010,5,3,C,KF3C,Agricultural pests,pests,4.8949173
2010,5,4,A,KF4A,Agricultural pests,pests,6.729371
2010,5,4,B,KF4B,Agricultural pests,pests,5.7417075
2010,5,4,C,KF4C,Agricultural pests,pests,5.490203
2010,5,5,A,KF5A,Agricultural pests,pests,8.7133592
2010,5,5,B,KF5B,Agricultural pests,pests,15.0418848
2010,5,5,C,KF5C,Agricultural pests,pests,2.45658
2010,5,6,A,KF6A,Agricultural pests,pests,4.8680425
2010,5,6,B,KF6B,Agricultural pests,pests,3.5433195
2010,5,6,C,KF6C,Agricultural pests,pests,2.293811
2010,5,7,A,KF7A,Agricultural pests,pests,6.8914356
2010,5,7,B,KF7B,Agricultural pests,pests,8.6948643
2010,5,7,C,KF7C,Agricultural pests,pests,5.2637974
2010,5,8,A,KF8A,Agricultural pests,pests,6.70609796
2010,5,8,B,KF8B,Agricultural pests,pests,4.467288
2010,5,8,C,KF8C,Agricultural pests,pests,4.8002584
2010,5,9,A,KF9A,Agricultural pests,pests,3.6258757
2010,5,9,B,KF9B,Agricultural pests,pests,5.2666818
2010,5,9,C,KF9C,Agricultural pests,pests,3.1334818
